{
  "total_shrimps_analyzed": 2,
  "analysis_results": [
    {
      "shrimp_id": 1,
      "ncc_score": 0.6571665406227112,
      "curve_type": "quadratic",
      "left_bbox": [
        1164,
        357,
        1620,
        483
      ],
      "right_bbox": [
        516,
        492,
        924,
        624
      ],
      "sampling_points": 5,
      "avg_disparity": 671.0,
      "disparity_std": 19.091883092036785,
      "disparities": [
        644.0,
        657.5,
        671.0,
        684.5,
        698.0
      ],
      "left_sampled_points": {
        "x": [
          1172.0,
          1284.0,
          1396.0,
          1508.0,
          1620.0
        ],
        "y": [
          436.8110926984781,
          425.4902755092571,
          415.74900727419936,
          407.5872879933049,
          401.00511766657365
        ]
      },
      "right_sampled_points": {
        "x": [
          528.0,
          626.5,
          725.0,
          823.5,
          922.0
        ],
        "y": [
          529.9312366772156,
          541.5040476449797,
          547.9469966425443,
          549.2600836699097,
          545.4433087270756
        ]
      }
    },
    {
      "shrimp_id": 2,
      "ncc_score": 0.6750226616859436,
      "curve_type": "quadratic",
      "left_bbox": [
        738,
        636,
        1122,
        768
      ],
      "right_bbox": [
        16,
        750,
        504,
        894
      ],
      "sampling_points": 5,
      "avg_disparity": 691.5,
      "disparity_std": 47.72970773009196,
      "disparities": [
        759.0,
        725.25,
        691.5,
        657.75,
        624.0
      ],
      "left_sampled_points": {
        "x": [
          775.0,
          866.0,
          957.0,
          1048.0,
          1139.0
        ],
        "y": [
          715.3565290707286,
          693.3473969576842,
          685.5109565932803,
          691.8472079775167,
          712.356151110394
        ]
      },
      "right_sampled_points": {
        "x": [
          16.0,
          140.75,
          265.5,
          390.25,
          515.0
        ],
        "y": [
          896.1399918410829,
          840.8267572277015,
          814.9927923203867,
          818.6380971191387,
          851.7626716239574
        ]
      }
    }
  ]
}