{
  "source": "shrimp_disparity_analysis_results/shrimp_disparity_results.json",
  "baseline_cm": 25.0,
  "results": [
    {
      "shrimp_id": 1,
      "segment_lengths_cm": [
        4.938356451075249,
        4.746898645677128,
        4.549327740121652,
        4.365606602433453
      ],
      "total_length_cm": 18.60018943930748
    },
    {
      "shrimp_id": 2,
      "segment_lengths_cm": [
        5.780468326499101,
        5.7547844635414345,
        5.800503649986581,
        5.826540230942045
      ],
      "total_length_cm": 23.16229667096916
    }
  ]
}