{
  "source": "shrimp_disparity_analysis_results/shrimp_disparity_results.json",
  "baseline_cm": 25.0,
  "results": [
    {
      "shrimp_id": 1,
      "segment_lengths_cm": [
        4.215141400680693,
        4.109630675821047,
        4.016301501260176,
        3.935015953552326
      ],
      "total_length_cm": 16.276089531314245
    },
    {
      "shrimp_id": 2,
      "segment_lengths_cm": [
        2.9998639949121206,
        3.0853145121831087,
        3.2415768646129126,
        3.4814216849046637
      ],
      "total_length_cm": 12.808177056612806
    }
  ]
}