{
  "total_shrimps_analyzed": 2,
  "analysis_results": [
    {
      "shrimp_id": 1,
      "ncc_score": 0.6571665406227112,
      "curve_type": "quadratic",
      "left_bbox": [
        1164,
        357,
        1620,
        483
      ],
      "right_bbox": [
        516,
        492,
        924,
        624
      ],
      "sampling_points": 15,
      "valid_points": 15,
      "avg_disparity": 671.0,
      "disparity_std": 16.664761795905925,
      "disparities": [
        644.0,
        647.8571428571429,
        651.7142857142857,
        655.5714285714286,
        659.4285714285714,
        663.2857142857143,
        667.1428571428571,
        671.0,
        674.8571428571429,
        678.7142857142858,
        682.5714285714287,
        686.4285714285714,
        690.2857142857142,
        694.1428571428571,
        698.0
      ],
      "valid_mask": [
        true,
        true,
        true,
        true,
        true,
        true,
        true,
        true,
        true,
        true,
        true,
        true,
        true,
        true,
        true
      ],
      "left_sampled_points": {
        "x": [
          1172.0,
          1204.0,
          1236.0,
          1268.0,
          1300.0,
          1332.0,
          1364.0,
          1396.0,
          1428.0,
          1460.0,
          1492.0,
          1524.0,
          1556.0,
          1588.0,
          1620.0
        ],
        "y": [
          436.8110926984781,
          433.41539503684726,
          430.14864014698486,
          427.01082802889096,
          424.00195868256543,
          421.12203210800834,
          418.3710483052197,
          415.74900727419936,
          413.2559090149476,
          410.8917535274642,
          408.65654081174927,
          406.55027086780274,
          404.57294369562464,
          402.72455929521493,
          401.00511766657365
        ]
      },
      "right_sampled_points": {
        "x": [
          528.0,
          556.1428571428571,
          584.2857142857143,
          612.4285714285714,
          640.5714285714286,
          668.7142857142857,
          696.8571428571429,
          725.0,
          753.1428571428571,
          781.2857142857142,
          809.4285714285713,
          837.5714285714286,
          865.7142857142858,
          893.8571428571429,
          922.0
        ],
        "y": [
          529.9312366772156,
          533.7612093996582,
          537.1724178796358,
          540.164862117148,
          542.738542112195,
          544.8934578647767,
          546.6296093748931,
          547.9469966425443,
          548.8456196677303,
          549.325478450451,
          549.3865729907064,
          549.0289032884966,
          548.2524693438215,
          547.0572711566812,
          545.4433087270756
        ]
      }
    },
    {
      "shrimp_id": 2,
      "ncc_score": 0.6750226616859436,
      "curve_type": "quadratic",
      "left_bbox": [
        738,
        636,
        1122,
        768
      ],
      "right_bbox": [
        16,
        750,
        504,
        894
      ],
      "sampling_points": 15,
      "valid_points": 14,
      "avg_disparity": 686.6785714285714,
      "disparity_std": 38.871599857868006,
      "disparities": [
        759.0,
        749.3571428571429,
        739.7142857142858,
        730.0714285714286,
        720.4285714285714,
        710.7857142857143,
        701.1428571428571,
        691.5,
        681.8571428571429,
        672.2142857142858,
        662.5714285714287,
        652.9285714285714,
        643.2857142857143,
        633.6428571428571,
        624.0
      ],
      "valid_mask": [
        false,
        true,
        true,
        true,
        true,
        true,
        true,
        true,
        true,
        true,
        true,
        true,
        true,
        true,
        true
      ],
      "left_sampled_points": {
        "x": [
          775.0,
          801.0,
          827.0,
          853.0,
          879.0,
          905.0,
          931.0,
          957.0,
          983.0,
          1009.0,
          1035.0,
          1061.0,
          1087.0,
          1113.0,
          1139.0
        ],
        "y": [
          715.3565290707286,
          707.6220125742831,
          701.0444505062982,
          695.6238428667737,
          691.3601896557095,
          688.253490873106,
          686.3037465189628,
          685.5109565932803,
          685.8751210960579,
          687.3962400272961,
          690.074313386995,
          693.9093411751538,
          698.9013233917735,
          705.0502600368536,
          712.356151110394
        ]
      },
      "right_sampled_points": {
        "x": [
          16.0,
          51.64285714285714,
          87.28571428571428,
          122.92857142857142,
          158.57142857142856,
          194.2142857142857,
          229.85714285714283,
          265.5,
          301.1428571428571,
          336.7857142857143,
          372.4285714285714,
          408.07142857142856,
          443.71428571428567,
          479.35714285714283,
          515.0
        ],
        "y": [
          896.1399918410829,
          877.3281217774569,
          860.9227227102444,
          846.9237946394458,
          835.3313375650606,
          826.145351487089,
          819.3658364055311,
          814.9927923203867,
          813.026219231656,
          813.4661171393388,
          816.3124860434353,
          821.5653259439455,
          829.2246368408692,
          839.2904187342065,
          851.7626716239574
        ]
      }
    }
  ]
}