{
  "source": "shrimp_disparity_analysis_results/shrimp_disparity_results.json",
  "baseline_cm": 25.0,
  "results": [
    {
      "shrimp_id": 1,
      "segment_lengths_cm": [
        4.628455506601836,
        4.096859989945686,
        4.008634088362978,
        4.304257840691264
      ],
      "total_length_cm": 17.03820742560176
    },
    {
      "shrimp_id": 2,
      "segment_lengths_cm": [
        2.922664366460699,
        3.1159138802158055,
        3.2360155222853844,
        3.8300676610866895
      ],
      "total_length_cm": 13.104661430048578
    }
  ]
}