{
  "total_shrimps_analyzed": 2,
  "analysis_results": [
    {
      "shrimp_id": 1,
      "ncc_score": 0.6571665406227112,
      "curve_type": "cubic",
      "left_bbox": [
        1164,
        357,
        1620,
        483
      ],
      "right_bbox": [
        516,
        492,
        924,
        624
      ],
      "sampling_points": 5,
      "avg_disparity": 683.3102183556018,
      "disparity_std": 21.672682780303116,
      "disparities": [
        652.3553996846971,
        668.1501758462373,
        683.6144344833674,
        698.7624187465241,
        713.6686630171831
      ],
      "left_sampled_points": {
        "x": [
          1172.0,
          1284.0,
          1396.0,
          1508.0,
          1620.0
        ],
        "y": [
          466.1102814561418,
          413.5962523130911,
          416.05133795931397,
          419.1664984909694,
          368.63269400423815
        ]
      },
      "right_sampled_points": {
        "x": [
          528.0,
          626.5,
          725.0,
          823.5,
          922.0
        ],
        "y": [
          570.1850982841374,
          532.4171573902609,
          546.771248585103,
          559.6252748365318,
          517.3571391124101
        ]
      }
    },
    {
      "shrimp_id": 2,
      "ncc_score": 0.6750226616859436,
      "curve_type": "cubic",
      "left_bbox": [
        738,
        636,
        1122,
        768
      ],
      "right_bbox": [
        16,
        750,
        504,
        894
      ],
      "sampling_points": 5,
      "avg_disparity": 707.3424689957104,
      "disparity_std": 53.06438927868551,
      "disparities": [
        788.3513793894801,
        738.5286525897465,
        703.3357395765405,
        671.6291251388985,
        634.8674482838865
      ],
      "left_sampled_points": {
        "x": [
          775.0,
          866.0,
          957.0,
          1048.0,
          1139.0
        ],
        "y": [
          685.784648638084,
          700.3827049141837,
          686.5344908204679,
          683.828808734972,
          731.8544610357458
        ]
      },
      "right_sampled_points": {
        "x": [
          16.0,
          140.75,
          265.5,
          390.25,
          515.0
        ],
        "y": [
          898.8970541552102,
          839.7993760694887,
          815.0215040384549,
          819.6618652228617,
          848.8188867834631
        ]
      }
    }
  ],
  "left_image_path": "d:\\Git\\Grounded-SAM-2\\extracted_frames_left\\frame_015314.jpg"
}